{"cameraMode":{"drawMode":0,"name":"Shaded","section":"Shading Mode"},"sceneLighting":true,"audioPlay":false,"sceneViewState":{"showFog":true,"showMaterialUpdate":false,"showSkybox":true,"showFlares":true,"showImageEffects":true,"showParticleSystems":true},"in2DMode":false,"pivot":{"x":1.9171028137207032,"y":2.767650604248047,"z":0.3046741485595703},"rotation":{"x":0.008282539434731007,"y":0.39124393463134768,"z":-0.003521075239405036,"w":0.920244038105011},"size":9.553813934326172,"orthographic":false}